"date","age","domaine","connaissanceiascale","connaissezvousia","siouilesquelles","emotionstransmises","why","iareplaceartiste","whytwo"
"2023/01/27 11:44:33 AM UTC+1","18 - 25","Musique;Peinture / Dessin","1","Non","","Non","","Non",""
"2023/01/27 11:47:36 AM UTC+1","40 - 49","Musique;Peinture / Dessin;Litt√©rature;Cin√©ma","6","Oui","Je ne connais pas le nom ms j ai entendu parler d  une expo de peinture faite par ia","Oui","Par l effet de surprise, ","Non","Je ne le souhaite pas mais peut √™tre en fait... "
"2023/01/27 11:50:40 AM UTC+1","18 - 25","Musique;Peinture / Dessin;Litt√©rature;Cin√©ma","4","Non","","Non","Les √©motions sont une partie interne des √™tres-vivants, une IA ne peut pas en avoir les capacit√©s ou alors elles ne seront que fictives.","Non","A cause des √©motions, de la pens√©e. L‚Äôart sert √† exprimer quelque chose de profond."
"2023/01/27 11:53:03 AM UTC+1","40 - 49","Musique;Peinture / Dessin;Litt√©rature","4","Non","","Non","Les √©motions se ressentent ","Non","En raison de l‚Äôabsence d‚Äô√©motivit√© "
"2023/01/27 11:53:05 AM UTC+1","18 - 25","Musique;Litt√©rature;Cin√©ma","5","Oui","Robot sculpteur ","Non","Que de la technique pas d‚Äôinterpr√©tation ","Non",""
"2023/01/27 11:56:39 AM UTC+1","40 - 49","Peinture / Dessin","5","Oui","Midjourney","Oui","Il faut r√©ussir √† restituer en mots ce que l‚Äôon veut repr√©senter exactement ","Non","Pour le moment l‚Äôia n‚Äôest pas capable d‚Äô√©motions "
"2023/01/27 12:17:51 PM UTC+1","18 - 25","Musique","8","Oui","J‚Äôai plus le nom mais c‚Äôest dans mes favs tiktok","Oui","/","Non","Dimension humaine"
"2023/01/27 12:19:54 PM UTC+1","18 - 25","Musique;Peinture / Dessin;Cin√©ma","7","Oui","IA ACSII","Oui","peut g√©n√©rer des choses auxquelles tu es sensible, qui sont inspir√©s de vrais artistes ","Non","pas de conscience humaine et m√™me si c‚Äôest programm√© par des humains une IA √ßa reste tr√®s b√™te "
"2023/01/27 12:34:16 PM UTC+1","50 - 59","Musique;Peinture / Dessin;Cin√©ma","8","Oui","Composition de musiques, adapter un fond d‚Äô√©cran √† une musique","Oui","Plus on avance, plus l‚ÄôIA pense et agit comme l‚Äôhomme","Oui","M√™me r√©ponse que pr√©c√©demment "
"2023/01/27 12:42:05 PM UTC+1","50 - 59","Musique;Peinture / Dessin;Cin√©ma","8","Oui","des mus√©es  ont developpe des trucs int√©ressants pendant le confinement ","Oui","L ai peut transformer  un truc moche en truc joli ou un truc quelconque (une photo par ex) en super tableau avec le style d‚Äôun artiste ,¬†magnifique (d√©velopp√© par un de mes coll√®gues data scientist)","Oui","Dupliquer, transformer: c‚Äôest gagn√©!"
"2023/01/27 12:50:47 PM UTC+1","18 - 25","Musique;Litt√©rature;Cin√©ma","5","Non","","Oui","S‚Äôil y a des visages, en fonction du regard ","Non","L‚Äôart ne doit pas √™tre remplacer par un robot car c‚Äôest un m√©tier plein de rebondissement et un robot ne peut pas les g√©rer comme un humain "
"2023/01/27 1:04:22 PM UTC+1","40 - 49","Musique;Peinture / Dessin;Litt√©rature","5","Non","","Oui"," ","Non"," "
"2023/01/27 1:16:33 PM UTC+1","60 ou plus","Cin√©ma","3","Non","","Non","","Non","L‚ÄôIA ne peux pas d√©clencher de l‚Äô√©motion "
"2023/01/27 1:23:31 PM UTC+1","40 - 49","Musique;Peinture / Dessin;Litt√©rature;Cin√©ma","5","Non","","Non","","Non",""
"2023/01/27 1:39:25 PM UTC+1","50 - 59","Peinture / Dessin;Litt√©rature;Cin√©ma","3","Non","","Non","L'IA ne peut remplacer l'humain ","Non","L'artiste r√©v√®le ses sentiments et son affect √† travers l'art."
"2023/01/27 2:01:26 PM UTC+1","18 - 25","Musique;Litt√©rature;Cin√©ma","4","Non","","Non","Les √©motions sont propres √† l'√™tre-humain.","Non","Il n'y a pas la m√™me √©motion."
"2023/01/27 2:02:06 PM UTC+1","40 - 49","Musique;Peinture / Dessin;Litt√©rature;Cin√©ma;Th√©√¢tre ","3","Oui","Reface","Oui","Effet de surprise/ capacit√© de l'homme √† projeter ses propres √©motions sur un autre support ","Non","Cr√©ativit√©/originalit√©/conviction "
"2023/01/27 2:09:36 PM UTC+1","40 - 49","Litt√©rature","2","Non","","Non","","Non",""
"2023/01/27 2:14:40 PM UTC+1","30 - 39","Musique;Cin√©ma","3","Non","","Oui","Un savant m√©lange qui suscite l'emotion peut √™tre reproductible","Non","Ponctuellement peut √™tre mais pas d√©finitivement "
"2023/01/27 2:37:19 PM UTC+1","60 ou plus","Musique;Peinture / Dessin;Litt√©rature;Cin√©ma","1","Non","","Non","Pcq derri√®re, il n‚Äôy a pas un √™tre pensant! ","Non","M√™me raison: il faut de l‚Äô√©motion et des sentiments"
"2023/01/27 3:22:24 PM UTC+1","18 - 25","Musique","6","Non","","Oui","Oui, elle peut r√©ussir √† faire passer des messages √† travers les oeuvres, parfois on n‚Äôarrivera pas √† faire la distinction avec un vrai artiste","Non",""
"2023/01/27 4:35:06 PM UTC+1","40 - 49","Litt√©rature;Cin√©ma","7","Oui","Peut-√™tre ChatGPT ?","Oui","Peut-√™tre que l'IA peut  transmettre des √©motions par l'oeuvre qu il cr√©e (mais ≈ìuvre cr√©√©e de mani√®re rationnelle)","Non","Je ne pense pas que l' IA soit capable de parler et d'√©changer sur les √©motions ressenties avec le public. Pas de discussion possible. Pour moi l'IA est une prouesse technologique mais on ne peut pas lui donner d'√©motions...."
"2023/01/27 4:51:01 PM UTC+1","40 - 49","Musique;Peinture / Dessin;Litt√©rature;Cin√©ma;Th√©√¢tre Chant Danse Cirque","2","Non","","Oui","Je devine qu'elle aura √©t√© suffisamment bien programm√©e (richement) pr pouvoir proposer une foultitude de r√©sultats voulus par ses cr√©ateurs.trices.","Non","Car l'art sans humanit√© ne m'int√©resse pas ! C'est petit."
"2023/01/27 4:53:02 PM UTC+1","50 - 59","Litt√©rature;Cin√©ma","3","Non","","Non","La sensibilit√© est le propre de l‚Äôartiste ","Non","La capacit√© √† √©mouvoir , √† cr√©er et imaginer rel√®ve de l‚Äôartiste "
"2023/01/27 5:51:58 PM UTC+1","17 ou moins","Aucun;Cin√©ma","5","Non","","Oui","Jsp mon gars ","Oui","Car l‚Äôia est tr√®s forte üí™ "
"2023/01/27 5:52:02 PM UTC+1","18 - 25","Musique;Peinture / Dessin;Litt√©rature;Cin√©ma","5","Non","","Oui","","Non",""
"2023/01/27 6:16:54 PM UTC+1","50 - 59","Peinture / Dessin","3","Non","","Non","Une machine....","Non","L'humain "
"2023/01/27 6:35:07 PM UTC+1","18 - 25","Musique;Cin√©ma","6","Non","","Non","Selon moi l'IA peut r√©p√©ter des gestes techniques mais ne peut pas mettre une √©motion particuli√®re derri√®re ses gestes ","Non","l'IA recopie et modifie des types d'art d√©j√† existants mais ne peut pas innover, comme un artiste le pourrait, il manquerait l'originalit√© "
"2023/01/27 6:45:56 PM UTC+1","18 - 25","Musique;Peinture / Dessin;Litt√©rature;Cin√©ma","10","Oui","ONIZUKA , CHATGPT , ORIO , BLUE ","Oui","pourquoi pas ?","Oui","pourquoi pas ?"
"2023/01/27 6:46:02 PM UTC+1","18 - 25","Musique;Litt√©rature;Cin√©ma","8","Non","","Non","Robot sans √©motions ","Oui","Beaut√© de l'oeuvre, pr√©cision et qualit√©
"
"2023/01/27 8:20:28 PM UTC+1","40 - 49","Musique;Litt√©rature;Cin√©ma","3","Oui","Midjourney","Non","Elle n‚Äôa pas l‚Äôexp√©rience sensorielle et √©motionnelle d‚Äôune personne.","Non","Elle ne conna√Æt ni √©motion ni sensation."
"2023/01/27 9:45:05 PM UTC+1","60 ou plus","Musique;Peinture / Dessin;Cin√©ma","2","Non","","Non","L' IA va probablement ""cr√©er"" une ""oeuvre"", des images, r√©pondant aux crit√®res d√©finis dans le dialogue, va chercher son inspiration dans des bases de donn√©es, des algorithmes...
Ou alors, l'IA  pourra ""prendre des libert√©s"" et donner un r√©sultat dont le rapport avec l'humain sera incontr√¥l√©, pas forc√©ment hors sujet, et ne r√©pondant pas aux attentes. 
A travers les si√®cles, des cr√©ateurs ont fait √©voluer l'art, √† partir de "" ressentis"" du moment, et l'IA, n'aura pas cette sensibilit√©, ces √©motions.","Non","L''IA, n'est pas faite pour √ßa, mais elle pourra produire des avatars par milliers, 
La d√©finition de l'art est: "" faire des ≈ìuvres humaines destin√©es √† toucher les sens et les √©motions du public"". "
"2023/01/27 10:13:35 PM UTC+1","40 - 49","Musique;Litt√©rature;Cin√©ma","7","Non","","Oui","Pourquoi pas ? ","Oui","Selon son niveau d‚Äô√©volution‚Ä¶."
"2023/01/27 11:25:18 PM UTC+1","40 - 49","Musique;Peinture / Dessin","8","Oui","Midjourney Stable diffusion Discodiffusion","Oui","L'i.a n'est qu'un instrument artificiel ;) l'outil ne fait pas le synthographe. L'i.a est un peu comme un appareil photo. Cf les artistes synthographes synthographie.fr","","L'outil ne fait pas l'artiste"
"2023/01/28 8:27:07 AM UTC+1","40 - 49","Musique;Litt√©rature;Cin√©ma","6","Oui","Dessein et repr√©sentation de r√™ve ","Oui","A partir du moment o√π l'IA permet de repr√©senter un tableau, une ≈ìuvre, il peut transmettre des √©motions.","Oui","Par d√©finition, l'IA apprend. Donc de l√† il peut faire √©voluer ses ≈ìuvres. On serait tenter de penser qu'il a besoin d'artistes humains pour trouver de nouvelles inspirations mais pourquoi pas d'autres IA?"
"2023/01/28 10:21:35 AM UTC+1","40 - 49","Musique;Peinture / Dessin;Litt√©rature;Cin√©ma","0","Non","","Oui","","Non",""
"2023/01/28 12:52:17 PM UTC+1","50 - 59","Peinture / Dessin","5","Oui","Les reseaux antagonistes g√©n√©ratifs","Oui","Car elle se base sur un grand nombre d'≈ìuvres humaines qui produisent des √©motions.","Non","Car l'IA ne comprend pas ce qu'elle produit, ni pourquoi elle le fait. Par contre lA peut √™tre un outil pour l'artiste humain."
"2023/01/28 1:45:47 PM UTC+1","40 - 49","Musique;Peinture / Dessin;Litt√©rature;Cin√©ma","1","Non","","Non","","Non",""
"2023/01/28 9:27:43 PM UTC+1","40 - 49","Musique;Cin√©ma;th√©√¢tre ","4","Non","","Non","Parce que ressentir des √©motions est le propre de l'homme et le diff√©rencie du reste des √™tres vivants √† fortiori des machines. Et parce que le geste artistique est une √©motion. C'est pour cela que l'√©motion peut toucher le public. ","Non","J'imagine qu'une IA ne peut que reproduire  ou n'avoir qu'un geste technique. ce geste techniquement artistique pourra peut √™tre transmettre une √©motion mais j'ose esp√©rer quÀã'elle n'aura jamais la sinc√©rit√©,  la v√©racit√©, la qualit√© √©motionnelle du geste artistique humain. l'√©motion que l'artiste partage vient directement de ses tripes; de ce qu'il vit en tant qu'humain, des propres doutes, √©merveillement, joies, col√®re etc. Et cela ne remplace pas."
"2023/01/28 10:15:23 PM UTC+1","40 - 49","Musique;Litt√©rature","0","Non","","Non","??","Non","??"
"2023/01/31 3:52:20 PM UTC+1","40 - 49","Litt√©rature;Th√©√¢tre ","5","Non","","Non","Je pense que les √©motions sont un sujet profond√©ment humain. ","Oui","Oui, pour cr√©er une ≈ìuvre, mais pas en y int√©grant le c√¥t√© √©motionnel. "
"2023/01/31 4:34:57 PM UTC+1","18 - 25","Musique;Peinture / Dessin;Litt√©rature;Cin√©ma","3","Non","","Non","Cela me para√Æt difficile qu'elle soit capable de transmettre des √©motions qu'un humain peut transmettre √† d'autres humains.","Non","Un √™tre humain ne pourra pas √™tre totalement remplac√© par une intelligence artificielle."
"2023/01/31 8:20:47 PM UTC+1","50 - 59","Musique;Peinture / Dessin;Litt√©rature;Cin√©ma;Sculpture","5","Oui","Cr√©ation de chanson. Cr√©ation de musique. Cr√©ation litt√©raire (nouvelle)","Oui","Oui, je pense que c'est possible en partie. Notamment dans les domaines de l'art abstrait o√π ce que l'on voit ou entend est sujet √† interpr√©tation.","Non","L'art est une activit√© humaine qui nous distingue en partie des animaux, car c'est √† la base quelque chose qui ne sert pas aux besoins vitaux (manger, se loger ..), mais qui nous fait du bien, notamment pour les artistes qui exprime leurs √©motions.
L'art fait par une IA aura un int√©r√™t plus limit√©. Quel est l'int√©r√™t de conna√Ætre les √©motions d'une IA ?"
"2023/02/02 7:15:15 PM UTC+1","50 - 59","Musique;Peinture / Dessin;Litt√©rature;Cin√©ma","7","Oui","Seulement entendu parler. ","Non","","Non","Elle devrait rester dans le domaine de la copie "
"2023/02/02 9:59:24 PM UTC+1","30 - 39","Aucun","4","Non","","Non","","Non",""
"2023/02/06 9:25:56 PM UTC+1","18 - 25","Musique;Peinture / Dessin;Litt√©rature;Cin√©ma","4","Non","","Oui","Avec une base de donn√©es elle peut reproduire des √©motions comme les vrais artistes ","Non","Il n‚Äôy a pas l‚Äô√¢me de l‚Äôartiste "
"2023/02/06 10:13:54 PM UTC+1","50 - 59","Musique;Peinture / Dessin;Cin√©ma","2","Non","","Oui","C'est une cr√©ation.  Chacun √©prouve une sensation selon son ressenti.","Non","L'artiste am√®ne son √©moi, son ressenti."
"2023/02/06 10:21:41 PM UTC+1","40 - 49","Musique;Peinture / Dessin;Litt√©rature","2","Oui","Chat gpt","Oui","Car une simple couleur peut cr√©er des √©motions.","Non","Vaste question! Parce que l'artiste a une intention que l'ia n'a pas d'elle m√™me."
"2023/02/06 10:28:57 PM UTC+1","50 - 59","Musique;Peinture / Dessin;Litt√©rature;Cin√©ma;d√©velopper des programmes informatiques ","7","Oui","Son nom m'√©chappe ","Non","Ce n'est ni l'IA ni l'artiste qui transmet l'√©motion, c'est l'≈ìuvre et l'histoire de celui qui regarde/√©coute. ","Non","Le nombre d'artistes n'est pas limit√©, ce n'est donc pas l'ia ou l'artiste mais l'ia et l'artiste. "
"2023/02/06 10:51:14 PM UTC+1","18 - 25","Musique","3","Non","","Oui","Car c'est un art et tous le monde peut transmettre un message. Qu'importe si c'est une machine ou un humain.","Oui","Car c'est un art et tous le monde peut transmettre un message."
"2023/02/07 8:58:09 AM UTC+1","40 - 49","Musique;Peinture / Dessin;Litt√©rature;Cin√©ma;Photographie Bandes dessin√©es ","3","Non","Mais je sais qu‚Äôil en existe capables de cr√©er des textes. ","Oui","Je pense nous sommes touch√©s par des faits de vie : nature ( paysages), √©motions ","Oui","Oui, l‚Äôartiste est souvent inspir√© par d‚Äôautres artistes lui permettant d‚Äôacc√©der √† sa propre cr√©ation. Nous donnons les moyens √† l‚Äôia d‚Äôacc√©der √† ce proc√©d√©. Attention je ne dis que cela me plaise, et je ne dis que surtout pas que l‚Äôia a une intention de cr√©ation et l‚Äôintention de toucher un public. Le probl√®me est le mot remplacement : j‚Äôentends par l√† que oui l‚Äôia est capable de remplacer un artiste. Si on compte avec disparition des artistes vivants √† c√¥t√© c‚Äôest une autre chose : les artistes vivants arriveront √† cr√©er des choses totalement nouvelles l√† o√π l‚Äôia restera limit√©e par l‚Äôapport qu‚Äôelle aura du vivant. "
"2023/02/08 8:56:35 PM UTC+1","50 - 59","Musique;Cin√©ma","0","Non","","","","",""
"2023/02/08 10:20:49 PM UTC+1","40 - 49","Litt√©rature;Cin√©ma","3","Non","","Non","","Non",""
"2023/02/08 10:23:03 PM UTC+1","40 - 49","Cin√©ma","0","Non","","Non","Pas r√©elle","Non","Pas d‚Äô√©motion "
"2023/02/17 9:08:53 PM UTC+1","50 - 59","Litt√©rature;Cin√©ma","2","Oui","Celle qui a reproduit des oeuvrrs originales de van goog.","Non","C'est le spectateur qui a une emotion","Non","Une IA peut elle cr√©er? Je ne pense pas: elle reproduit  fait √† la fa√ßon de, mais sera t elle capable de cr√©er une nouvelle technique type impressionnisme ou pointillisme?"
"2023/02/17 9:40:14 PM UTC+1","50 - 59","Musique;Litt√©rature","1","Non","","Non","L'√©motion est rop subjective.","Non","Une seule oeuvre peut-√™tre. Un ensemble d'oeuvres sera plus diversifi√© chez l'artiste."